PrjName;RecordNo
Nazwa Projektu;1135
Nazwa Projektu;1136
Nazwa Projektu;1137
Nazwa Projektu;1141
Nazwa Projektu;1143
Nazwa Projektu;1145
Nazwa Projektu;1150
Nazwa Projektu;1151
Nazwa Projektu;1154
Nazwa Projektu;1159
Nazwa Projektu;1160
Nazwa Projektu;1167
Nazwa Projektu;1168
Nazwa Projektu;1169
Nazwa Projektu;1173
Nazwa Projektu;1174
Nazwa Projektu;1176
Nazwa Projektu;1177
Nazwa Projektu;1178
Nazwa Projektu;1183
Nazwa Projektu;1187
Nazwa Projektu;1191
Nazwa Projektu;1200
Nazwa Projektu;1202
Nazwa Projektu;1203
Nazwa Projektu;1218
Nazwa Projektu;1221
Nazwa Projektu;1223
Nazwa Projektu;1230
Nazwa Projektu;1233
Nazwa Projektu;1234
Nazwa Projektu;1236
Nazwa Projektu;1241
Nazwa Projektu;1242
Nazwa Projektu;1251
Nazwa Projektu;1253
Nazwa Projektu;1256
Nazwa Projektu;1261
Nazwa Projektu;1271
Nazwa Projektu;1272
Nazwa Projektu;1279
Nazwa Projektu;1280
Nazwa Projektu;1282
Nazwa Projektu;1286
Nazwa Projektu;1287
Nazwa Projektu;1288
Nazwa Projektu;1291
Nazwa Projektu;1292
Nazwa Projektu;1293
Nazwa Projektu;1294
Nazwa Projektu;1295
Nazwa Projektu;1301
Nazwa Projektu;1304
Nazwa Projektu;1311
Nazwa Projektu;1316
Nazwa Projektu;1319
Nazwa Projektu;1322
Nazwa Projektu;1323
Nazwa Projektu;1327
Nazwa Projektu;1329
Nazwa Projektu;1336
Nazwa Projektu;1339
Nazwa Projektu;1342
Nazwa Projektu;1344
Nazwa Projektu;1356
Nazwa Projektu;1357
Nazwa Projektu;1358
Nazwa Projektu;1360
Nazwa Projektu;1364
Nazwa Projektu;1368
Nazwa Projektu;1371
Nazwa Projektu;1375
Nazwa Projektu;1377
Nazwa Projektu;1382
Nazwa Projektu;1387
Nazwa Projektu;1388
Nazwa Projektu;1393
Nazwa Projektu;1397
Nazwa Projektu;1399
Nazwa Projektu;1403
Nazwa Projektu;1404
Nazwa Projektu;1406
Nazwa Projektu;1410
Nazwa Projektu;1412
Nazwa Projektu;1413
Nazwa Projektu;1415
Nazwa Projektu;1419
Nazwa Projektu;1424
Nazwa Projektu;1430
Nazwa Projektu;1438
Nazwa Projektu;1439
Nazwa Projektu;1440
Nazwa Projektu;1442
Nazwa Projektu;1450
Nazwa Projektu;1451
Nazwa Projektu;1458
Nazwa Projektu;1462
Nazwa Projektu;1469
Nazwa Projektu;1475
Nazwa Projektu;1476
Nazwa Projektu;1477
Nazwa Projektu;1485
Nazwa Projektu;1486
Nazwa Projektu;1488
Nazwa Projektu;1490
Nazwa Projektu;1491
Nazwa Projektu;1501
Nazwa Projektu;1503
Nazwa Projektu;1504
Nazwa Projektu;1508
Nazwa Projektu;1514
Nazwa Projektu;1525
Nazwa Projektu;1529
Nazwa Projektu;1531
Nazwa Projektu;1540
Nazwa Projektu;1543
Nazwa Projektu;1545
Nazwa Projektu;1546
Nazwa Projektu;1548
Nazwa Projektu;1562
Nazwa Projektu;1567
Nazwa Projektu;1575
Nazwa Projektu;1578
Nazwa Projektu;1581
Nazwa Projektu;1583
Nazwa Projektu;1588
Nazwa Projektu;1589
Nazwa Projektu;1591
Nazwa Projektu;1593
Nazwa Projektu;1594
Nazwa Projektu;1599
Nazwa Projektu;1604
Nazwa Projektu;1605
Nazwa Projektu;1612
Nazwa Projektu;1615
Nazwa Projektu;1626
Nazwa Projektu;1629
Nazwa Projektu;1633
Nazwa Projektu;1634
Nazwa Projektu;1638
Nazwa Projektu;1642
Nazwa Projektu;1649
Nazwa Projektu;1651
Nazwa Projektu;1653
Nazwa Projektu;1654
Nazwa Projektu;1655
Nazwa Projektu;1660
Nazwa Projektu;1664
Nazwa Projektu;1665
Nazwa Projektu;1666
Nazwa Projektu;1672
Nazwa Projektu;1674
Nazwa Projektu;1686
Nazwa Projektu;1692
Nazwa Projektu;1694
Nazwa Projektu;1697
Nazwa Projektu;1705
Nazwa Projektu;1710
Nazwa Projektu;1712
Nazwa Projektu;1716
Nazwa Projektu;1717
Nazwa Projektu;1718
Nazwa Projektu;1719
Nazwa Projektu;1724
Nazwa Projektu;1725
Nazwa Projektu;1729
Nazwa Projektu;1733
Nazwa Projektu;1734
Nazwa Projektu;1739
Nazwa Projektu;1740
Nazwa Projektu;1746
Nazwa Projektu;1749
Nazwa Projektu;1752
Nazwa Projektu;1754
Nazwa Projektu;1763
Nazwa Projektu;1767
Nazwa Projektu;1771
Nazwa Projektu;1777
Nazwa Projektu;1783
Nazwa Projektu;1792
Nazwa Projektu;1799
Nazwa Projektu;1800
Nazwa Projektu;1824
Nazwa Projektu;1828
Nazwa Projektu;1838
Nazwa Projektu;1846
Nazwa Projektu;1851
Nazwa Projektu;1860
Nazwa Projektu;1863
Nazwa Projektu;1866
Nazwa Projektu;1869
Nazwa Projektu;1870
Nazwa Projektu;1873
Nazwa Projektu;1909
Nazwa Projektu;1924
Nazwa Projektu;1928
Nazwa Projektu;1938
Nazwa Projektu;1945
Nazwa Projektu;1958
Nazwa Projektu;1959
